file,stage,axis,BER,NC,BitAccuracy,DSR,hit_ratio,SI-SNR(dB),ViSQOL,ODG,IoU,MIoU,F1,MUSHRA,SpectralFlatness,SpectralCentroid_Hz,EffectiveBandwidth99_Hz,SilenceRatio,CrestFactor
0422_민속악_판소리.wav,NoAttack,step2,0.0,1.0,,1,0.1313,37.28,4.704,,0.5965,0.3559,0.7473,,0.022136,2319.14,5984.38,0.280639,6.0574
0422_민속악_판소리.wav,AWGN_30dB,axis1,0.0,1.0,,1,0.0875,29.25,4.267,,0.574,0.3532,0.7293,,0.022136,2319.14,5984.38,0.280639,6.0574
0422_민속악_판소리.wav,Resample_44100RT,axis1,0.0,1.0,,1,0.1375,36.24,4.707,,0.6023,0.3596,0.7518,,0.022136,2319.14,5984.38,0.280639,6.0574
0422_민속악_판소리.wav,Limiter,axis1,0.0,1.0,,1,0.1313,37.28,4.704,,0.5965,0.3559,0.7473,,0.022136,2319.14,5984.38,0.280639,6.0574
0422_민속악_판소리.wav,MP3_128kbps,axis2,0.0,1.0,,1,0.1313,29.59,4.668,,0.5965,0.3559,0.7473,,0.022136,2319.14,5984.38,0.280639,6.0574
0422_민속악_판소리.wav,MP3_320kbps,axis2,0.0,1.0,,1,0.1313,29.59,4.668,,0.5965,0.3559,0.7473,,0.022136,2319.14,5984.38,0.280639,6.0574
0422_민속악_판소리.wav,AAC_128kbps,axis2,0.0,1.0,,1,0.1313,33.17,4.703,,0.5965,0.3559,0.7473,,0.022136,2319.14,5984.38,0.280639,6.0574
0422_민속악_판소리.wav,TelephoneFilter,axis2,0.0625,0.875,,1,0.075,-4.03,2.984,,0.3571,0.2286,0.5263,,0.022136,2319.14,5984.38,0.280639,6.0574
0422_민속악_판소리.wav,Opus_32kbps,axis2,0.0625,0.875,,1,0.0125,18.01,4.673,,0.1173,0.1145,0.2099,,0.022136,2319.14,5984.38,0.280639,6.0574
0422_민속악_판소리.wav,Crop_10pct,axis2,0.0,1.0,,1,0.1479,,,,0.6581,0.3874,0.7938,,0.022136,2319.14,5984.38,0.280639,6.0574
0422_민속악_판소리.wav,TSM_1.1x,axis2,0.0,1.0,,1,0.0559,,,,0.5947,0.3607,0.7458,,0.022136,2319.14,5984.38,0.280639,6.0574
0422_민속악_판소리.wav,EnCodec_6kbps,axis3,1.0,-1.0,0.0,0,0.0,1.16,4.408,,0.0,0.0556,0.0,수동 평가 필요,0.022136,2319.14,5984.38,0.280639,6.0574
0422_민속악_판소리.wav,DAC,axis3,1.0,-1.0,0.0,0,0.0,-22.17,4.384,,0.0,0.0555,0.0,수동 평가 필요,0.022136,2319.14,5984.38,0.280639,6.0574
0423_민속악_판소리.wav,NoAttack,step2,0.0,1.0,,1,0.1562,35.2,4.708,,0.5906,0.3523,0.7426,,0.145116,1998.12,5906.25,0.342806,7.053
0423_민속악_판소리.wav,AWGN_30dB,axis1,0.0,1.0,,1,0.0813,28.86,4.373,,0.5858,0.3608,0.7388,,0.145116,1998.12,5906.25,0.342806,7.053
0423_민속악_판소리.wav,Resample_44100RT,axis1,0.0,1.0,,1,0.1562,34.85,4.702,,0.5906,0.3523,0.7426,,0.145116,1998.12,5906.25,0.342806,7.053
0423_민속악_판소리.wav,Limiter,axis1,0.0,1.0,,1,0.1562,35.2,4.708,,0.5906,0.3523,0.7426,,0.145116,1998.12,5906.25,0.342806,7.053
0423_민속악_판소리.wav,MP3_128kbps,axis2,0.0,1.0,,1,0.1562,26.4,4.293,,0.5906,0.3523,0.7426,,0.145116,1998.12,5906.25,0.342806,7.053
0423_민속악_판소리.wav,MP3_320kbps,axis2,0.0,1.0,,1,0.1562,26.4,4.293,,0.5906,0.3523,0.7426,,0.145116,1998.12,5906.25,0.342806,7.053
0423_민속악_판소리.wav,AAC_128kbps,axis2,0.0,1.0,,1,0.1562,33.65,4.706,,0.5906,0.3523,0.7426,,0.145116,1998.12,5906.25,0.342806,7.053
0423_민속악_판소리.wav,TelephoneFilter,axis2,0.0,1.0,,1,0.0813,5.43,3.656,,0.5858,0.3608,0.7388,,0.145116,1998.12,5906.25,0.342806,7.053
0423_민속악_판소리.wav,Opus_32kbps,axis2,0.0,1.0,,1,0.0312,22.34,4.559,,0.2378,0.1756,0.3842,,0.145116,1998.12,5906.25,0.342806,7.053
0423_민속악_판소리.wav,Crop_10pct,axis2,0.0,1.0,,1,0.1408,,,,0.5526,0.3404,0.7119,,0.145116,1998.12,5906.25,0.342806,7.053
0423_민속악_판소리.wav,TSM_1.1x,axis2,0.0,1.0,,1,0.1119,,,,0.5909,0.3518,0.7428,,0.145116,1998.12,5906.25,0.342806,7.053
0423_민속악_판소리.wav,EnCodec_6kbps,axis3,1.0,-1.0,0.0,0,0.0,2.38,4.403,,0.0,0.0556,0.0,수동 평가 필요,0.145116,1998.12,5906.25,0.342806,7.053
0423_민속악_판소리.wav,DAC,axis3,1.0,-1.0,0.0,0,0.0,-0.37,4.337,,0.0,0.0555,0.0,수동 평가 필요,0.145116,1998.12,5906.25,0.342806,7.053
0424_민속악_판소리.wav,NoAttack,step2,0.0,1.0,,1,0.1187,37.93,4.695,,0.7076,0.4301,0.8288,,0.020692,2398.11,6125.0,0.287744,4.2854
0424_민속악_판소리.wav,AWGN_30dB,axis1,0.0625,0.875,,1,0.0187,29.34,4.396,,0.2331,0.1764,0.3781,,0.020692,2398.11,6125.0,0.287744,4.2854
0424_민속악_판소리.wav,Resample_44100RT,axis1,0.0,1.0,,1,0.1125,35.52,4.693,,0.7076,0.4301,0.8288,,0.020692,2398.11,6125.0,0.287744,4.2854
0424_민속악_판소리.wav,Limiter,axis1,0.0,1.0,,1,0.1187,37.93,4.695,,0.7076,0.4301,0.8288,,0.020692,2398.11,6125.0,0.287744,4.2854
0424_민속악_판소리.wav,MP3_128kbps,axis2,0.0625,0.875,,1,0.1187,23.99,4.566,,0.7018,0.4259,0.8247,,0.020692,2398.11,6125.0,0.287744,4.2854
0424_민속악_판소리.wav,MP3_320kbps,axis2,0.0625,0.875,,1,0.1187,23.99,4.566,,0.7018,0.4259,0.8247,,0.020692,2398.11,6125.0,0.287744,4.2854
0424_민속악_판소리.wav,AAC_128kbps,axis2,0.0,1.0,,1,0.1313,35.28,4.694,,0.7076,0.4301,0.8288,,0.020692,2398.11,6125.0,0.287744,4.2854
0424_민속악_판소리.wav,TelephoneFilter,axis2,0.0,1.0,,1,0.0437,2.06,3.444,,0.25,0.1826,0.4,,0.020692,2398.11,6125.0,0.287744,4.2854
0424_민속악_판소리.wav,Opus_32kbps,axis2,1.0,-1.0,,0,0.0,21.48,4.656,,0.0,0.0556,0.0,,0.020692,2398.11,6125.0,0.287744,4.2854
0424_민속악_판소리.wav,Crop_10pct,axis2,0.0,1.0,,1,0.0986,,,,0.6536,0.3994,0.7905,,0.020692,2398.11,6125.0,0.287744,4.2854
0424_민속악_판소리.wav,TSM_1.1x,axis2,0.0,1.0,,1,0.0769,,,,0.5947,0.3607,0.7458,,0.020692,2398.11,6125.0,0.287744,4.2854
0424_민속악_판소리.wav,EnCodec_6kbps,axis3,1.0,-1.0,0.0,0,0.0,0.06,4.452,,0.0,0.0556,0.0,수동 평가 필요,0.020692,2398.11,6125.0,0.287744,4.2854
0424_민속악_판소리.wav,DAC,axis3,1.0,-1.0,0.0,0,0.0,-2.66,4.486,,0.0,0.0555,0.0,수동 평가 필요,0.020692,2398.11,6125.0,0.287744,4.2854
Similar_Dance_00073_Cover_Arrangement_A.wav,NoAttack,step2,0.0,1.0,,1,0.2125,35.92,4.716,,0.904,0.527,0.9496,,0.034126,2455.82,5453.12,0.0,8.5501
Similar_Dance_00073_Cover_Arrangement_A.wav,AWGN_30dB,axis1,0.0,1.0,,1,0.175,29.01,4.58,,0.9091,0.5545,0.9524,,0.034126,2455.82,5453.12,0.0,8.5501
Similar_Dance_00073_Cover_Arrangement_A.wav,Resample_44100RT,axis1,0.0,1.0,,1,0.2125,35.19,4.714,,0.904,0.527,0.9496,,0.034126,2455.82,5453.12,0.0,8.5501
Similar_Dance_00073_Cover_Arrangement_A.wav,Limiter,axis1,0.0,1.0,,1,0.2125,35.83,4.716,,0.904,0.527,0.9496,,0.034126,2455.82,5453.12,0.0,8.5501
Similar_Dance_00073_Cover_Arrangement_A.wav,MP3_128kbps,axis2,0.0,1.0,,1,0.2,29.46,4.563,,0.904,0.527,0.9496,,0.034126,2455.82,5453.12,0.0,8.5501
Similar_Dance_00073_Cover_Arrangement_A.wav,MP3_320kbps,axis2,0.0,1.0,,1,0.1938,29.46,4.562,,0.904,0.527,0.9496,,0.034126,2455.82,5453.12,0.0,8.5501
Similar_Dance_00073_Cover_Arrangement_A.wav,AAC_128kbps,axis2,0.0,1.0,,1,0.2188,31.51,4.714,,0.904,0.527,0.9496,,0.034126,2455.82,5453.12,0.0,8.5501
Similar_Dance_00073_Cover_Arrangement_A.wav,TelephoneFilter,axis2,0.0,1.0,,1,0.0563,-3.27,2.939,,0.5439,0.3237,0.7045,,0.034126,2455.82,5453.12,0.0,8.5501
Similar_Dance_00073_Cover_Arrangement_A.wav,Opus_32kbps,axis2,0.0,1.0,,1,0.0312,16.09,4.658,,0.4518,0.2926,0.6224,,0.034126,2455.82,5453.12,0.0,8.5501
Similar_Dance_00073_Cover_Arrangement_A.wav,Crop_10pct,axis2,0.0,1.0,,1,0.2042,,,,0.9108,0.587,0.9533,,0.034126,2455.82,5453.12,0.0,8.5501
Similar_Dance_00073_Cover_Arrangement_A.wav,TSM_1.1x,axis2,0.125,0.75,,1,0.014,,,,0.1302,0.1218,0.2305,,0.034126,2455.82,5453.12,0.0,8.5501
Similar_Dance_00073_Cover_Arrangement_A.wav,EnCodec_6kbps,axis3,1.0,-1.0,0.0,0,0.0,2.23,4.047,,0.0,0.0556,0.0,수동 평가 필요,0.034126,2455.82,5453.12,0.0,8.5501
Similar_Dance_00073_Cover_Arrangement_A.wav,DAC,axis3,1.0,-1.0,0.0,0,0.0,-11.77,4.373,,0.0,0.0555,0.0,수동 평가 필요,0.034126,2455.82,5453.12,0.0,8.5501
Similar_Dance_00081_Cover_Arrangement_A.wav,NoAttack,step2,0.0,1.0,,1,0.2375,37.49,4.398,,0.904,0.527,0.9496,,0.005005,1044.76,2062.5,0.05151,5.6682
Similar_Dance_00081_Cover_Arrangement_A.wav,AWGN_30dB,axis1,1.0,-1.0,,0,0.0,29.3,3.53,,0.0,0.0556,0.0,,0.005005,1044.76,2062.5,0.05151,5.6682
Similar_Dance_00081_Cover_Arrangement_A.wav,Resample_44100RT,axis1,0.0,1.0,,1,0.2437,37.46,4.419,,0.904,0.527,0.9496,,0.005005,1044.76,2062.5,0.05151,5.6682
Similar_Dance_00081_Cover_Arrangement_A.wav,Limiter,axis1,0.0,1.0,,1,0.2375,17.9,4.272,,0.904,0.527,0.9496,,0.005005,1044.76,2062.5,0.05151,5.6682
Similar_Dance_00081_Cover_Arrangement_A.wav,MP3_128kbps,axis2,0.0,1.0,,1,0.2437,36.4,4.457,,0.904,0.527,0.9496,,0.005005,1044.76,2062.5,0.05151,5.6682
Similar_Dance_00081_Cover_Arrangement_A.wav,MP3_320kbps,axis2,0.0,1.0,,1,0.2437,36.4,4.457,,0.904,0.527,0.9496,,0.005005,1044.76,2062.5,0.05151,5.6682
Similar_Dance_00081_Cover_Arrangement_A.wav,AAC_128kbps,axis2,0.0,1.0,,1,0.2375,32.27,4.393,,0.904,0.527,0.9496,,0.005005,1044.76,2062.5,0.05151,5.6682
Similar_Dance_00081_Cover_Arrangement_A.wav,TelephoneFilter,axis2,0.0,1.0,,1,0.1313,-13.26,2.937,,0.8864,0.5265,0.9398,,0.005005,1044.76,2062.5,0.05151,5.6682
Similar_Dance_00081_Cover_Arrangement_A.wav,Opus_32kbps,axis2,0.0,1.0,,1,0.1938,22.46,4.417,,0.904,0.527,0.9496,,0.005005,1044.76,2062.5,0.05151,5.6682
Similar_Dance_00081_Cover_Arrangement_A.wav,Crop_10pct,axis2,0.0,1.0,,1,0.2324,,,,0.8924,0.5414,0.9431,,0.005005,1044.76,2062.5,0.05151,5.6682
Similar_Dance_00081_Cover_Arrangement_A.wav,TSM_1.1x,axis2,0.0,1.0,,1,0.1399,,,,0.8058,0.4659,0.8925,,0.005005,1044.76,2062.5,0.05151,5.6682
Similar_Dance_00081_Cover_Arrangement_A.wav,EnCodec_6kbps,axis3,1.0,-1.0,0.0,0,0.0,11.28,4.269,,0.0,0.0556,0.0,수동 평가 필요,0.005005,1044.76,2062.5,0.05151,5.6682
Similar_Dance_00081_Cover_Arrangement_A.wav,DAC,axis3,1.0,-1.0,0.0,0,0.0,0.43,4.357,,0.0,0.0555,0.0,수동 평가 필요,0.005005,1044.76,2062.5,0.05151,5.6682
Similar_Dance_00085_Cover_Arrangement_A.wav,NoAttack,step2,0.0,1.0,,1,0.2375,35.1,4.641,,0.904,0.527,0.9496,,0.00349,1229.52,1984.38,0.0,9.0392
Similar_Dance_00085_Cover_Arrangement_A.wav,AWGN_30dB,axis1,0.0,1.0,,1,0.15,28.83,4.337,,0.8,0.4625,0.8889,,0.00349,1229.52,1984.38,0.0,9.0392
Similar_Dance_00085_Cover_Arrangement_A.wav,Resample_44100RT,axis1,0.0,1.0,,1,0.2375,35.01,4.642,,0.904,0.527,0.9496,,0.00349,1229.52,1984.38,0.0,9.0392
Similar_Dance_00085_Cover_Arrangement_A.wav,Limiter,axis1,0.0,1.0,,1,0.2375,35.1,4.641,,0.904,0.527,0.9496,,0.00349,1229.52,1984.38,0.0,9.0392
Similar_Dance_00085_Cover_Arrangement_A.wav,MP3_128kbps,axis2,0.0,1.0,,1,0.2437,33.25,4.492,,0.904,0.527,0.9496,,0.00349,1229.52,1984.38,0.0,9.0392
Similar_Dance_00085_Cover_Arrangement_A.wav,MP3_320kbps,axis2,0.0,1.0,,1,0.2437,33.25,4.492,,0.904,0.527,0.9496,,0.00349,1229.52,1984.38,0.0,9.0392
Similar_Dance_00085_Cover_Arrangement_A.wav,AAC_128kbps,axis2,0.0,1.0,,1,0.2375,34.14,4.641,,0.904,0.527,0.9496,,0.00349,1229.52,1984.38,0.0,9.0392
Similar_Dance_00085_Cover_Arrangement_A.wav,TelephoneFilter,axis2,0.0,1.0,,1,0.1375,-4.41,3.757,,0.7989,0.4726,0.8882,,0.00349,1229.52,1984.38,0.0,9.0392
Similar_Dance_00085_Cover_Arrangement_A.wav,Opus_32kbps,axis2,0.0,1.0,,1,0.2,20.42,4.582,,0.9091,0.5545,0.9524,,0.00349,1229.52,1984.38,0.0,9.0392
Similar_Dance_00085_Cover_Arrangement_A.wav,Crop_10pct,axis2,0.0,1.0,,1,0.2254,,,,0.8868,0.5148,0.94,,0.00349,1229.52,1984.38,0.0,9.0392
Similar_Dance_00085_Cover_Arrangement_A.wav,TSM_1.1x,axis2,0.0,1.0,,1,0.1538,,,,0.9034,0.5242,0.9493,,0.00349,1229.52,1984.38,0.0,9.0392
Similar_Dance_00085_Cover_Arrangement_A.wav,EnCodec_6kbps,axis3,1.0,-1.0,0.0,0,0.0,8.15,4.308,,0.0,0.0556,0.0,수동 평가 필요,0.00349,1229.52,1984.38,0.0,9.0392
Similar_Dance_00085_Cover_Arrangement_A.wav,DAC,axis3,1.0,-1.0,0.0,0,0.0,-15.95,4.463,,0.0,0.0555,0.0,수동 평가 필요,0.00349,1229.52,1984.38,0.0,9.0392
Similar_Dance_00087_Cover_Arrangement_A.wav,NoAttack,step2,0.0,1.0,,1,0.2437,32.29,4.647,,0.904,0.527,0.9496,,0.004577,1575.31,3125.0,0.0,8.0763
Similar_Dance_00087_Cover_Arrangement_A.wav,AWGN_30dB,axis1,0.0,1.0,,1,0.1938,27.9,4.547,,0.9091,0.5545,0.9524,,0.004577,1575.31,3125.0,0.0,8.0763
Similar_Dance_00087_Cover_Arrangement_A.wav,Resample_44100RT,axis1,0.0,1.0,,1,0.2437,32.27,4.618,,0.904,0.527,0.9496,,0.004577,1575.31,3125.0,0.0,8.0763
Similar_Dance_00087_Cover_Arrangement_A.wav,Limiter,axis1,0.0,1.0,,1,0.2437,32.29,4.647,,0.904,0.527,0.9496,,0.004577,1575.31,3125.0,0.0,8.0763
Similar_Dance_00087_Cover_Arrangement_A.wav,MP3_128kbps,axis2,0.0,1.0,,1,0.2437,31.06,4.366,,0.904,0.527,0.9496,,0.004577,1575.31,3125.0,0.0,8.0763
Similar_Dance_00087_Cover_Arrangement_A.wav,MP3_320kbps,axis2,0.0,1.0,,1,0.25,31.07,4.366,,0.8989,0.4994,0.9467,,0.004577,1575.31,3125.0,0.0,8.0763
Similar_Dance_00087_Cover_Arrangement_A.wav,AAC_128kbps,axis2,0.0,1.0,,1,0.2437,31.29,4.64,,0.904,0.527,0.9496,,0.004577,1575.31,3125.0,0.0,8.0763
Similar_Dance_00087_Cover_Arrangement_A.wav,TelephoneFilter,axis2,0.0,1.0,,1,0.1875,1.7,3.622,,0.9143,0.5821,0.9552,,0.004577,1575.31,3125.0,0.0,8.0763
Similar_Dance_00087_Cover_Arrangement_A.wav,Opus_32kbps,axis2,0.0625,0.875,,1,0.0875,16.76,4.441,,0.6941,0.4277,0.8194,,0.004577,1575.31,3125.0,0.0,8.0763
Similar_Dance_00087_Cover_Arrangement_A.wav,Crop_10pct,axis2,0.0,1.0,,1,0.2113,,,,0.8805,0.5084,0.9365,,0.004577,1575.31,3125.0,0.0,8.0763
Similar_Dance_00087_Cover_Arrangement_A.wav,TSM_1.1x,axis2,0.0,1.0,,1,0.1189,,,,0.6952,0.3968,0.8202,,0.004577,1575.31,3125.0,0.0,8.0763
Similar_Dance_00087_Cover_Arrangement_A.wav,EnCodec_6kbps,axis3,1.0,-1.0,0.0,0,0.0,4.81,4.216,,0.0,0.0556,0.0,수동 평가 필요,0.004577,1575.31,3125.0,0.0,8.0763
Similar_Dance_00087_Cover_Arrangement_A.wav,DAC,axis3,1.0,-1.0,0.0,0,0.0,-13.37,4.343,,0.0,0.0555,0.0,수동 평가 필요,0.004577,1575.31,3125.0,0.0,8.0763
Similar_Trot_00162_Cover_Arrangement_A.wav,NoAttack,step2,0.0,1.0,,1,0.25,37.28,4.695,,0.904,0.527,0.9496,,0.00967,1254.94,2343.75,0.0,5.0064
Similar_Trot_00162_Cover_Arrangement_A.wav,AWGN_30dB,axis1,0.0,1.0,,1,0.1313,29.26,4.508,,0.7977,0.4822,0.8875,,0.00967,1254.94,2343.75,0.0,5.0064
Similar_Trot_00162_Cover_Arrangement_A.wav,Resample_44100RT,axis1,0.0,1.0,,1,0.25,36.96,4.695,,0.904,0.527,0.9496,,0.00967,1254.94,2343.75,0.0,5.0064
Similar_Trot_00162_Cover_Arrangement_A.wav,Limiter,axis1,0.0,1.0,,1,0.25,37.28,4.695,,0.904,0.527,0.9496,,0.00967,1254.94,2343.75,0.0,5.0064
Similar_Trot_00162_Cover_Arrangement_A.wav,MP3_128kbps,axis2,0.0,1.0,,1,0.2375,32.2,4.45,,0.904,0.527,0.9496,,0.00967,1254.94,2343.75,0.0,5.0064
Similar_Trot_00162_Cover_Arrangement_A.wav,MP3_320kbps,axis2,0.0,1.0,,1,0.2437,32.2,4.45,,0.904,0.527,0.9496,,0.00967,1254.94,2343.75,0.0,5.0064
Similar_Trot_00162_Cover_Arrangement_A.wav,AAC_128kbps,axis2,0.0,1.0,,1,0.2437,33.93,4.694,,0.904,0.527,0.9496,,0.00967,1254.94,2343.75,0.0,5.0064
Similar_Trot_00162_Cover_Arrangement_A.wav,TelephoneFilter,axis2,0.0,1.0,,1,0.1688,-26.74,2.561,,0.9091,0.5545,0.9524,,0.00967,1254.94,2343.75,0.0,5.0064
Similar_Trot_00162_Cover_Arrangement_A.wav,Opus_32kbps,axis2,0.0,1.0,,1,0.2,20.02,4.625,,0.904,0.527,0.9496,,0.00967,1254.94,2343.75,0.0,5.0064
Similar_Trot_00162_Cover_Arrangement_A.wav,Crop_10pct,axis2,0.0,1.0,,1,0.2535,,,,0.8931,0.5215,0.9435,,0.00967,1254.94,2343.75,0.0,5.0064
Similar_Trot_00162_Cover_Arrangement_A.wav,TSM_1.1x,axis2,0.0625,0.875,,1,0.014,,,,0.2439,0.1791,0.3922,,0.00967,1254.94,2343.75,0.0,5.0064
Similar_Trot_00162_Cover_Arrangement_A.wav,EnCodec_6kbps,axis3,1.0,-1.0,0.0,0,0.0,9.62,4.241,,0.0,0.0556,0.0,수동 평가 필요,0.00967,1254.94,2343.75,0.0,5.0064
Similar_Trot_00162_Cover_Arrangement_A.wav,DAC,axis3,1.0,-1.0,0.0,0,0.0,1.12,4.459,,0.0,0.0555,0.0,수동 평가 필요,0.00967,1254.94,2343.75,0.0,5.0064
Similar_Trot_00266_Cover_Arrangement_A.wav,NoAttack,step2,0.0,1.0,,1,0.2375,37.69,4.658,,0.904,0.527,0.9496,,0.009928,1384.59,3531.25,0.044405,5.4195
Similar_Trot_00266_Cover_Arrangement_A.wav,AWGN_30dB,axis1,0.0,1.0,,1,0.0938,29.33,4.09,,0.5917,0.3646,0.7435,,0.009928,1384.59,3531.25,0.044405,5.4195
Similar_Trot_00266_Cover_Arrangement_A.wav,Resample_44100RT,axis1,0.0,1.0,,1,0.2375,37.39,4.661,,0.904,0.527,0.9496,,0.009928,1384.59,3531.25,0.044405,5.4195
Similar_Trot_00266_Cover_Arrangement_A.wav,Limiter,axis1,0.0,1.0,,1,0.2375,21.96,4.6,,0.904,0.527,0.9496,,0.009928,1384.59,3531.25,0.044405,5.4195
Similar_Trot_00266_Cover_Arrangement_A.wav,MP3_128kbps,axis2,0.0,1.0,,1,0.2375,32.28,4.6,,0.904,0.527,0.9496,,0.009928,1384.59,3531.25,0.044405,5.4195
Similar_Trot_00266_Cover_Arrangement_A.wav,MP3_320kbps,axis2,0.0,1.0,,1,0.2375,32.28,4.6,,0.904,0.527,0.9496,,0.009928,1384.59,3531.25,0.044405,5.4195
Similar_Trot_00266_Cover_Arrangement_A.wav,AAC_128kbps,axis2,0.0,1.0,,1,0.2375,33.39,4.657,,0.904,0.527,0.9496,,0.009928,1384.59,3531.25,0.044405,5.4195
Similar_Trot_00266_Cover_Arrangement_A.wav,TelephoneFilter,axis2,0.0,1.0,,1,0.1437,-7.46,3.362,,0.8092,0.4921,0.8946,,0.009928,1384.59,3531.25,0.044405,5.4195
Similar_Trot_00266_Cover_Arrangement_A.wav,Opus_32kbps,axis2,0.0,1.0,,1,0.1062,18.76,4.648,,0.5952,0.3726,0.7463,,0.009928,1384.59,3531.25,0.044405,5.4195
Similar_Trot_00266_Cover_Arrangement_A.wav,Crop_10pct,axis2,0.0,1.0,,1,0.2324,,,,0.8893,0.5267,0.9414,,0.009928,1384.59,3531.25,0.044405,5.4195
Similar_Trot_00266_Cover_Arrangement_A.wav,TSM_1.1x,axis2,0.0,1.0,,1,0.0979,,,,0.5909,0.3518,0.7428,,0.009928,1384.59,3531.25,0.044405,5.4195
Similar_Trot_00266_Cover_Arrangement_A.wav,EnCodec_6kbps,axis3,1.0,-1.0,0.0,0,0.0,6.51,4.454,,0.0,0.0556,0.0,수동 평가 필요,0.009928,1384.59,3531.25,0.044405,5.4195
Similar_Trot_00266_Cover_Arrangement_A.wav,DAC,axis3,1.0,-1.0,0.0,0,0.0,-3.34,4.585,,0.0,0.0555,0.0,수동 평가 필요,0.009928,1384.59,3531.25,0.044405,5.4195
Similar_Trot_00568_Cover_Arrangement_B.wav,NoAttack,step2,0.0,1.0,,1,0.1875,36.65,4.731,,0.9034,0.5469,0.9493,,0.030816,1954.51,4875.0,0.0,6.8377
Similar_Trot_00568_Cover_Arrangement_B.wav,AWGN_30dB,axis1,0.0,1.0,,1,0.1625,29.14,4.708,,0.8046,0.4773,0.8917,,0.030816,1954.51,4875.0,0.0,6.8377
Similar_Trot_00568_Cover_Arrangement_B.wav,Resample_44100RT,axis1,0.0,1.0,,1,0.1938,36.0,4.731,,0.9034,0.5469,0.9493,,0.030816,1954.51,4875.0,0.0,6.8377
Similar_Trot_00568_Cover_Arrangement_B.wav,Limiter,axis1,0.0,1.0,,1,0.1875,36.65,4.731,,0.9034,0.5469,0.9493,,0.030816,1954.51,4875.0,0.0,6.8377
Similar_Trot_00568_Cover_Arrangement_B.wav,MP3_128kbps,axis2,0.0,1.0,,1,0.1938,31.11,4.684,,0.8103,0.4821,0.8952,,0.030816,1954.51,4875.0,0.0,6.8377
Similar_Trot_00568_Cover_Arrangement_B.wav,MP3_320kbps,axis2,0.0,1.0,,1,0.1938,31.11,4.684,,0.8103,0.4821,0.8952,,0.030816,1954.51,4875.0,0.0,6.8377
Similar_Trot_00568_Cover_Arrangement_B.wav,AAC_128kbps,axis2,0.0,1.0,,1,0.1688,30.21,4.731,,0.9034,0.5469,0.9493,,0.030816,1954.51,4875.0,0.0,6.8377
Similar_Trot_00568_Cover_Arrangement_B.wav,TelephoneFilter,axis2,0.0,1.0,,1,0.075,-8.56,2.761,,0.7941,0.5082,0.8852,,0.030816,1954.51,4875.0,0.0,6.8377
Similar_Trot_00568_Cover_Arrangement_B.wav,Opus_32kbps,axis2,0.0625,0.875,,1,0.0125,16.06,4.69,,0.2346,0.1807,0.38,,0.030816,1954.51,4875.0,0.0,6.8377
Similar_Trot_00568_Cover_Arrangement_B.wav,Crop_10pct,axis2,0.0,1.0,,1,0.1972,,,,0.9027,0.5931,0.9489,,0.030816,1954.51,4875.0,0.0,6.8377
Similar_Trot_00568_Cover_Arrangement_B.wav,TSM_1.1x,axis2,0.25,0.5,,1,0.007,,,,0.1235,0.118,0.2198,,0.030816,1954.51,4875.0,0.0,6.8377
Similar_Trot_00568_Cover_Arrangement_B.wav,EnCodec_6kbps,axis3,1.0,-1.0,0.0,0,0.0,3.91,4.36,,0.0,0.0556,0.0,수동 평가 필요,0.030816,1954.51,4875.0,0.0,6.8377
Similar_Trot_00568_Cover_Arrangement_B.wav,DAC,axis3,1.0,-1.0,0.0,0,0.0,-4.36,4.522,,0.0,0.0555,0.0,수동 평가 필요,0.030816,1954.51,4875.0,0.0,6.8377
Similar_Trot_00571_Cover_Arrangement_B.wav,NoAttack,step2,0.0,1.0,,1,0.2125,36.95,4.712,,0.904,0.527,0.9496,,0.011592,1703.83,3359.38,0.161634,10.0497
Similar_Trot_00571_Cover_Arrangement_B.wav,AWGN_30dB,axis1,0.0,1.0,,1,0.1125,29.2,4.257,,0.7059,0.4363,0.8276,,0.011592,1703.83,3359.38,0.161634,10.0497
Similar_Trot_00571_Cover_Arrangement_B.wav,Resample_44100RT,axis1,0.0,1.0,,1,0.2188,36.88,4.711,,0.904,0.527,0.9496,,0.011592,1703.83,3359.38,0.161634,10.0497
Similar_Trot_00571_Cover_Arrangement_B.wav,Limiter,axis1,0.0,1.0,,1,0.2125,36.95,4.712,,0.904,0.527,0.9496,,0.011592,1703.83,3359.38,0.161634,10.0497
Similar_Trot_00571_Cover_Arrangement_B.wav,MP3_128kbps,axis2,0.0,1.0,,1,0.225,35.51,4.587,,0.904,0.527,0.9496,,0.011592,1703.83,3359.38,0.161634,10.0497
Similar_Trot_00571_Cover_Arrangement_B.wav,MP3_320kbps,axis2,0.0,1.0,,1,0.225,35.29,4.587,,0.904,0.527,0.9496,,0.011592,1703.83,3359.38,0.161634,10.0497
Similar_Trot_00571_Cover_Arrangement_B.wav,AAC_128kbps,axis2,0.0,1.0,,1,0.2125,33.04,4.711,,0.904,0.527,0.9496,,0.011592,1703.83,3359.38,0.161634,10.0497
Similar_Trot_00571_Cover_Arrangement_B.wav,TelephoneFilter,axis2,0.0,1.0,,1,0.1125,-10.36,3.218,,0.7977,0.4822,0.8875,,0.011592,1703.83,3359.38,0.161634,10.0497
Similar_Trot_00571_Cover_Arrangement_B.wav,Opus_32kbps,axis2,0.0,1.0,,1,0.0813,17.8,4.669,,0.574,0.3532,0.7293,,0.011592,1703.83,3359.38,0.161634,10.0497
Similar_Trot_00571_Cover_Arrangement_B.wav,Crop_10pct,axis2,0.0,1.0,,1,0.2042,,,,0.8805,0.5084,0.9365,,0.011592,1703.83,3359.38,0.161634,10.0497
Similar_Trot_00571_Cover_Arrangement_B.wav,TSM_1.1x,axis2,0.0,1.0,,1,0.0559,,,,0.4827,0.302,0.6511,,0.011592,1703.83,3359.38,0.161634,10.0497
Similar_Trot_00571_Cover_Arrangement_B.wav,EnCodec_6kbps,axis3,1.0,-1.0,0.0,0,0.0,5.47,4.385,,0.0,0.0556,0.0,수동 평가 필요,0.011592,1703.83,3359.38,0.161634,10.0497
Similar_Trot_00571_Cover_Arrangement_B.wav,DAC,axis3,1.0,-1.0,0.0,0,0.0,-5.58,4.558,,0.0,0.0555,0.0,수동 평가 필요,0.011592,1703.83,3359.38,0.161634,10.0497
일반남여_일반통합06_F_1536505292_35_경상_실내_09408.wav,NoAttack,step2,0.0,1.0,,1,0.2544,37.38,4.429,,0.9023,0.5118,0.9486,,0.12795,1397.15,4703.12,0.28436,7.2241
일반남여_일반통합06_F_1536505292_35_경상_실내_09408.wav,AWGN_30dB,axis1,1.0,-1.0,,0,0.0,29.28,3.667,,0.0,0.0549,0.0,,0.12795,1397.15,4703.12,0.28436,7.2241
일반남여_일반통합06_F_1536505292_35_경상_실내_09408.wav,Resample_44100RT,axis1,0.0,1.0,,1,0.2544,37.39,4.436,,0.9023,0.5118,0.9486,,0.12795,1397.15,4703.12,0.28436,7.2241
일반남여_일반통합06_F_1536505292_35_경상_실내_09408.wav,Limiter,axis1,0.0,1.0,,1,0.2544,37.38,4.429,,0.9023,0.5118,0.9486,,0.12795,1397.15,4703.12,0.28436,7.2241
일반남여_일반통합06_F_1536505292_35_경상_실내_09408.wav,MP3_128kbps,axis2,0.0,1.0,,1,0.2544,37.23,4.475,,0.9023,0.5118,0.9486,,0.12795,1397.15,4703.12,0.28436,7.2241
일반남여_일반통합06_F_1536505292_35_경상_실내_09408.wav,MP3_320kbps,axis2,0.0,1.0,,1,0.2544,37.23,4.476,,0.9023,0.5118,0.9486,,0.12795,1397.15,4703.12,0.28436,7.2241
일반남여_일반통합06_F_1536505292_35_경상_실내_09408.wav,AAC_128kbps,axis2,0.0,1.0,,1,0.2522,36.71,4.431,,0.9023,0.5118,0.9486,,0.12795,1397.15,4703.12,0.28436,7.2241
일반남여_일반통합06_F_1536505292_35_경상_실내_09408.wav,TelephoneFilter,axis2,0.0,1.0,,1,0.1316,-6.07,3.695,,0.8931,0.5532,0.9435,,0.12795,1397.15,4703.12,0.28436,7.2241
일반남여_일반통합06_F_1536505292_35_경상_실내_09408.wav,Opus_32kbps,axis2,0.0,1.0,,1,0.2456,21.83,4.405,,0.9091,0.549,0.9524,,0.12795,1397.15,4703.12,0.28436,7.2241
일반남여_일반통합06_F_1536505292_35_경상_실내_09408.wav,Crop_10pct,axis2,0.0,1.0,,1,0.2475,,,,0.845,0.4667,0.916,,0.12795,1397.15,4703.12,0.28436,7.2241
일반남여_일반통합06_F_1536505292_35_경상_실내_09408.wav,TSM_1.1x,axis2,0.0,1.0,,1,0.0588,,,,0.4894,0.2977,0.6572,,0.12795,1397.15,4703.12,0.28436,7.2241
일반남여_일반통합06_F_1536505292_35_경상_실내_09408.wav,EnCodec_6kbps,axis3,1.0,-1.0,0.0,0,0.0,8.84,4.355,,0.0,0.0549,0.0,수동 평가 필요,0.12795,1397.15,4703.12,0.28436,7.2241
일반남여_일반통합06_F_1536505292_35_경상_실내_09408.wav,DAC,axis3,1.0,-1.0,0.0,0,0.0,-12.59,4.339,,0.0,0.0549,0.0,수동 평가 필요,0.12795,1397.15,4703.12,0.28436,7.2241
일반남여_일반통합06_F_1536505292_35_경상_실내_09410.wav,NoAttack,step2,0.0,1.0,,1,0.2201,38.22,4.417,,0.7955,0.438,0.8861,,0.089064,948.0,3671.88,0.301786,7.6257
일반남여_일반통합06_F_1536505292_35_경상_실내_09410.wav,AWGN_30dB,axis1,1.0,-1.0,,0,0.0,29.36,3.487,,0.0,0.0535,0.0,,0.089064,948.0,3671.88,0.301786,7.6257
일반남여_일반통합06_F_1536505292_35_경상_실내_09410.wav,Resample_44100RT,axis1,0.0,1.0,,1,0.2138,38.25,4.424,,0.7955,0.438,0.8861,,0.089064,948.0,3671.88,0.301786,7.6257
일반남여_일반통합06_F_1536505292_35_경상_실내_09410.wav,Limiter,axis1,0.0,1.0,,1,0.2201,38.22,4.417,,0.7955,0.438,0.8861,,0.089064,948.0,3671.88,0.301786,7.6257
일반남여_일반통합06_F_1536505292_35_경상_실내_09410.wav,MP3_128kbps,axis2,0.0,1.0,,1,0.2075,38.09,4.473,,0.7955,0.438,0.8861,,0.089064,948.0,3671.88,0.301786,7.6257
일반남여_일반통합06_F_1536505292_35_경상_실내_09410.wav,MP3_320kbps,axis2,0.0,1.0,,1,0.2075,38.15,4.473,,0.7955,0.438,0.8861,,0.089064,948.0,3671.88,0.301786,7.6257
일반남여_일반통합06_F_1536505292_35_경상_실내_09410.wav,AAC_128kbps,axis2,0.0,1.0,,1,0.2201,37.71,4.421,,0.7955,0.438,0.8861,,0.089064,948.0,3671.88,0.301786,7.6257
일반남여_일반통합06_F_1536505292_35_경상_실내_09410.wav,TelephoneFilter,axis2,0.0,1.0,,1,0.0943,-2.46,4.08,,0.5882,0.352,0.7407,,0.089064,948.0,3671.88,0.301786,7.6257
일반남여_일반통합06_F_1536505292_35_경상_실내_09410.wav,Opus_32kbps,axis2,0.0,1.0,,1,0.195,24.88,4.435,,0.7955,0.438,0.8861,,0.089064,948.0,3671.88,0.301786,7.6257
일반남여_일반통합06_F_1536505292_35_경상_실내_09410.wav,Crop_10pct,axis2,0.0,1.0,,1,0.2128,,,,0.7802,0.4666,0.8765,,0.089064,948.0,3671.88,0.301786,7.6257
일반남여_일반통합06_F_1536505292_35_경상_실내_09410.wav,TSM_1.1x,axis2,0.0,1.0,,1,0.1197,,,,0.4962,0.2806,0.6633,,0.089064,948.0,3671.88,0.301786,7.6257
일반남여_일반통합06_F_1536505292_35_경상_실내_09410.wav,EnCodec_6kbps,axis3,1.0,-1.0,0.0,0,0.0,9.72,4.397,,0.0,0.0535,0.0,수동 평가 필요,0.089064,948.0,3671.88,0.301786,7.6257
일반남여_일반통합06_F_1536505292_35_경상_실내_09410.wav,DAC,axis3,1.0,-1.0,0.0,0,0.0,-35.48,4.352,,0.0,0.0535,0.0,수동 평가 필요,0.089064,948.0,3671.88,0.301786,7.6257
일반남여_일반통합06_F_1536505292_35_경상_실내_09412.wav,NoAttack,step2,0.0,1.0,,1,0.2604,37.61,4.407,,0.9009,0.6072,0.9479,,0.145183,1170.39,2171.88,0.206612,6.9578
일반남여_일반통합06_F_1536505292_35_경상_실내_09412.wav,AWGN_30dB,axis1,0.0625,0.875,,1,0.0312,29.31,3.625,,0.1845,0.1594,0.3115,,0.145183,1170.39,2171.88,0.206612,6.9578
일반남여_일반통합06_F_1536505292_35_경상_실내_09412.wav,Resample_44100RT,axis1,0.0,1.0,,1,0.25,37.64,4.415,,0.9009,0.6072,0.9479,,0.145183,1170.39,2171.88,0.206612,6.9578
일반남여_일반통합06_F_1536505292_35_경상_실내_09412.wav,Limiter,axis1,0.0,1.0,,1,0.2604,37.61,4.407,,0.9009,0.6072,0.9479,,0.145183,1170.39,2171.88,0.206612,6.9578
일반남여_일반통합06_F_1536505292_35_경상_실내_09412.wav,MP3_128kbps,axis2,0.0,1.0,,1,0.25,37.56,4.452,,0.9009,0.6072,0.9479,,0.145183,1170.39,2171.88,0.206612,6.9578
일반남여_일반통합06_F_1536505292_35_경상_실내_09412.wav,MP3_320kbps,axis2,0.0,1.0,,1,0.25,37.57,4.452,,0.9009,0.6072,0.9479,,0.145183,1170.39,2171.88,0.206612,6.9578
일반남여_일반통합06_F_1536505292_35_경상_실내_09412.wav,AAC_128kbps,axis2,0.0,1.0,,1,0.2604,36.7,4.409,,0.9009,0.6072,0.9479,,0.145183,1170.39,2171.88,0.206612,6.9578
일반남여_일반통합06_F_1536505292_35_경상_실내_09412.wav,TelephoneFilter,axis2,0.0,1.0,,1,0.125,-4.36,3.862,,0.7156,0.4502,0.8342,,0.145183,1170.39,2171.88,0.206612,6.9578
일반남여_일반통합06_F_1536505292_35_경상_실내_09412.wav,Opus_32kbps,axis2,0.0,1.0,,1,0.2188,25.58,4.394,,0.8919,0.5935,0.9429,,0.145183,1170.39,2171.88,0.206612,6.9578
일반남여_일반통합06_F_1536505292_35_경상_실내_09412.wav,Crop_10pct,axis2,0.0,1.0,,1,0.2381,,,,0.8232,0.5402,0.903,,0.145183,1170.39,2171.88,0.206612,6.9578
일반남여_일반통합06_F_1536505292_35_경상_실내_09412.wav,TSM_1.1x,axis2,0.0,1.0,,1,0.1412,,,,0.9001,0.6038,0.9474,,0.145183,1170.39,2171.88,0.206612,6.9578
일반남여_일반통합06_F_1536505292_35_경상_실내_09412.wav,EnCodec_6kbps,axis3,1.0,-1.0,0.0,0,0.0,9.86,4.367,,0.0,0.0691,0.0,수동 평가 필요,0.145183,1170.39,2171.88,0.206612,6.9578
일반남여_일반통합06_F_1536505292_35_경상_실내_09412.wav,DAC,axis3,1.0,-1.0,0.0,0,0.0,-15.84,4.351,,0.0,0.0691,0.0,수동 평가 필요,0.145183,1170.39,2171.88,0.206612,6.9578
통화_0029.wav,NoAttack,step2,0.0,1.0,,1,0.3846,27.31,4.673,,0.8889,0.5504,0.9412,,0.000164,981.04,1765.62,0.0,6.5096
통화_0029.wav,AWGN_30dB,axis1,0.0,1.0,,1,0.3462,25.47,4.067,,0.8889,0.5504,0.9412,,0.000164,981.04,1765.62,0.0,6.5096
통화_0029.wav,Resample_44100RT,axis1,0.0,1.0,,1,0.3846,27.31,4.673,,0.8889,0.5504,0.9412,,0.000164,981.04,1765.62,0.0,6.5096
통화_0029.wav,Limiter,axis1,0.0,1.0,,1,0.3846,27.31,4.673,,0.8889,0.5504,0.9412,,0.000164,981.04,1765.62,0.0,6.5096
통화_0029.wav,MP3_128kbps,axis2,0.0,1.0,,1,0.3846,27.31,4.673,,0.8889,0.5504,0.9412,,0.000164,981.04,1765.62,0.0,6.5096
통화_0029.wav,MP3_320kbps,axis2,0.0,1.0,,1,0.3846,27.31,4.673,,0.8889,0.5504,0.9412,,0.000164,981.04,1765.62,0.0,6.5096
통화_0029.wav,AAC_128kbps,axis2,0.0,1.0,,1,0.3704,27.25,4.673,,0.8889,0.5504,0.9412,,0.000164,981.04,1765.62,0.0,6.5096
통화_0029.wav,TelephoneFilter,axis2,0.0,1.0,,1,0.2692,-4.48,4.614,,0.8889,0.5504,0.9412,,0.000164,981.04,1765.62,0.0,6.5096
통화_0029.wav,Opus_32kbps,axis2,0.0,1.0,,1,0.3077,22.37,4.67,,0.8889,0.5504,0.9412,,0.000164,981.04,1765.62,0.0,6.5096
통화_0029.wav,Crop_10pct,axis2,0.0,1.0,,1,0.381,,,,0.8842,0.5769,0.9385,,0.000164,981.04,1765.62,0.0,6.5096
통화_0029.wav,TSM_1.1x,axis2,0.0,1.0,,1,0.3182,,,,0.8869,0.5415,0.9401,,0.000164,981.04,1765.62,0.0,6.5096
통화_0029.wav,EnCodec_6kbps,axis3,1.0,-1.0,0.0,0,0.0,6.65,4.598,,0.0,0.0685,0.0,수동 평가 필요,0.000164,981.04,1765.62,0.0,6.5096
통화_0029.wav,DAC,axis3,1.0,-1.0,0.0,0,0.0,-12.01,4.645,,0.0,0.0685,0.0,수동 평가 필요,0.000164,981.04,1765.62,0.0,6.5096
통화_0030.wav,NoAttack,step2,0.0,1.0,,1,0.3636,34.24,4.677,,0.8696,0.8002,0.9302,,0.000846,932.38,1609.38,0.020408,5.5444
통화_0030.wav,AWGN_30dB,axis1,1.0,-1.0,,0,0.0,28.61,3.873,,0.0,0.1789,0.0,,0.000846,932.38,1609.38,0.020408,5.5444
통화_0030.wav,Resample_44100RT,axis1,0.0,1.0,,1,0.3636,34.24,4.677,,0.8696,0.8002,0.9302,,0.000846,932.38,1609.38,0.020408,5.5444
통화_0030.wav,Limiter,axis1,0.0,1.0,,1,0.3636,34.24,4.677,,0.8696,0.8002,0.9302,,0.000846,932.38,1609.38,0.020408,5.5444
통화_0030.wav,MP3_128kbps,axis2,0.0,1.0,,1,0.3636,34.23,4.677,,0.8696,0.8002,0.9302,,0.000846,932.38,1609.38,0.020408,5.5444
통화_0030.wav,MP3_320kbps,axis2,0.0,1.0,,1,0.3636,34.23,4.677,,0.8696,0.8002,0.9302,,0.000846,932.38,1609.38,0.020408,5.5444
통화_0030.wav,AAC_128kbps,axis2,0.0,1.0,,1,0.3333,34.13,4.678,,0.8696,0.8002,0.9302,,0.000846,932.38,1609.38,0.020408,5.5444
통화_0030.wav,TelephoneFilter,axis2,0.0,1.0,,1,0.2727,-9.91,4.615,,0.9091,0.8648,0.9524,,0.000846,932.38,1609.38,0.020408,5.5444
통화_0030.wav,Opus_32kbps,axis2,0.0,1.0,,1,0.3636,27.82,4.674,,0.8696,0.8002,0.9302,,0.000846,932.38,1609.38,0.020408,5.5444
통화_0030.wav,Crop_10pct,axis2,0.0,1.0,,1,0.375,,,,0.7676,0.6544,0.8685,,0.000846,932.38,1609.38,0.020408,5.5444
통화_0030.wav,TSM_1.1x,axis2,0.0,1.0,,1,0.375,,,,0.8265,0.7249,0.905,,0.000846,932.38,1609.38,0.020408,5.5444
통화_0030.wav,EnCodec_6kbps,axis3,1.0,-1.0,0.0,0,0.0,9.33,4.578,,0.0,0.1789,0.0,수동 평가 필요,0.000846,932.38,1609.38,0.020408,5.5444
통화_0030.wav,DAC,axis3,1.0,-1.0,0.0,0,0.0,-8.07,4.635,,0.0,0.1789,0.0,수동 평가 필요,0.000846,932.38,1609.38,0.020408,5.5444
통화_0031.wav,NoAttack,step2,0.0,1.0,,1,0.2143,25.84,4.713,,0.8889,0.8334,0.9412,,0.000255,937.88,2015.62,0.0,6.7723
통화_0031.wav,AWGN_30dB,axis1,0.0,1.0,,1,0.1905,24.42,4.289,,0.8889,0.8334,0.9412,,0.000255,937.88,2015.62,0.0,6.7723
통화_0031.wav,Resample_44100RT,axis1,0.0,1.0,,1,0.2143,25.84,4.713,,0.8889,0.8334,0.9412,,0.000255,937.88,2015.62,0.0,6.7723
통화_0031.wav,Limiter,axis1,0.0,1.0,,1,0.2143,25.84,4.713,,0.8889,0.8334,0.9412,,0.000255,937.88,2015.62,0.0,6.7723
통화_0031.wav,MP3_128kbps,axis2,0.0,1.0,,1,0.2143,25.83,4.713,,0.8889,0.8334,0.9412,,0.000255,937.88,2015.62,0.0,6.7723
통화_0031.wav,MP3_320kbps,axis2,0.0,1.0,,1,0.2143,25.83,4.713,,0.8889,0.8334,0.9412,,0.000255,937.88,2015.62,0.0,6.7723
통화_0031.wav,AAC_128kbps,axis2,0.0,1.0,,1,0.2143,25.77,4.713,,0.8889,0.8334,0.9412,,0.000255,937.88,2015.62,0.0,6.7723
통화_0031.wav,TelephoneFilter,axis2,0.0,1.0,,1,0.1667,-7.74,4.649,,0.8889,0.8334,0.9412,,0.000255,937.88,2015.62,0.0,6.7723
통화_0031.wav,Opus_32kbps,axis2,0.0,1.0,,1,0.2143,20.35,4.707,,0.8889,0.8334,0.9412,,0.000255,937.88,2015.62,0.0,6.7723
통화_0031.wav,Crop_10pct,axis2,0.0,1.0,,1,0.1389,,,,0.5298,0.5201,0.6926,,0.000255,937.88,2015.62,0.0,6.7723
통화_0031.wav,TSM_1.1x,axis2,0.0,1.0,,1,0.0833,,,,0.5286,0.5187,0.6916,,0.000255,937.88,2015.62,0.0,6.7723
통화_0031.wav,EnCodec_6kbps,axis3,1.0,-1.0,0.0,0,0.0,5.97,4.583,,0.0,0.18,0.0,수동 평가 필요,0.000255,937.88,2015.62,0.0,6.7723
통화_0031.wav,DAC,axis3,1.0,-1.0,0.0,0,0.0,-6.45,4.677,,0.0,0.18,0.0,수동 평가 필요,0.000255,937.88,2015.62,0.0,6.7723
